titles,artists
Twelfth Street Rag,Pee Wee Hunt
Mañana (Is Soon Enough for Me),Peggy Lee
Now Is the Hour,Bing Crosby
A Tree in the Meadow,Margaret Whiting
"You Can't Be True, Dear",Ken Griffin
"You Can't Be True, Dear",Ken Griffin
Little White Lies,Dick Haymes
You Call Everybody Darlin',Al Trace
My Happiness,The Pied Pipers
I'm Looking Over a Four Leaf Clover,Art Mooney
It's Magic,Doris Day
Maybe You'll Be There,Gordon Jenkins
Ballerina,Vaughn Monroe
Nature Boy,King Cole
Woody Woodpecker,Kay Kyser
Love Somebody,Doris Day
Now Is the Hour,Gracie Fields
Beg Your Pardon,Francis Craig
Toolie Oolie Doolie,The Andrews Sisters
Buttons and Bows,Dinah Shore
Golden Earrings,Peggy Lee
Baby Face,Art Mooney
Too Fat Polka,Arthur Godfrey
Because,Perry Como
My Happiness,Ella Fitzgerald
Serenade of the Bells,Sammy Kaye
Until,Tommy Dorsey
William Tell Overture,Spike Jones
Beg Your Pardon,Frankie Carle
St. Louis Blues March,Tex Beneke
Underneath the Arches,Primo Scala
On a Slow Boat to China,Kay Kyser
Woody Woodpecker,Mel Blanc
The Dicky-Bird Song,Freddy Martin
I'm Looking Over a Four Leaf Clover,Russ Morgan
How Soon,Vaughn Monroe
Serenade of the Bells,Jo Stafford
Too Young,Nat King Cole
Because of You,Tony Bennett
How High the Moon,Les Paul
Come on-a My House,Rosemary Clooney
Be My Love,Mario Lanza
On Top of Old Smoky,The Weavers
"Cold, Cold Heart",Tony Bennett
Ataypura!,Yma Sumac
The Loveliest Night of the Year,Mario Lanza
Tennessee Waltz,Patti Page
Jezebel,Frankie Laine
I Get Ideas,Tony Martin
Mockin' Bird Hill,Les Paul
Mockin' Bird Hill,Patti Page
My Heart Cries for You,Guy Mitchell
(It's No) Sin,Eddy Howard
Sound Off,Vaughn Monroe
Sweet Violets,Dinah Shore
The World Is Waiting for the Sunrise,Les Paul
"My Truly, Truly Fair",Guy Mitchell
(It's No) Sin,The Four Aces
Aba Daba Honeymoon,Debbie Reynolds
"Rose, Rose, I Love You",Frankie Laine
Down Yonder,Del Wood
I Apologize,Billy Eckstine
"Would I Love You (Love You, Love You)",Patti Page
You're Just in Love,Perry Como
Undecided,Ames Brothers
The Thing,Phil Harris
Because of You,Les Baxter
Little Things Mean a Lot,Kitty Kallen
Wanted,Perry Como
Hey There,Rosemary Clooney
Sh-Boom,The Crew-Cuts
Make Love to Me,Jo Stafford
Oh! My Pa-Pa,Eddie Fisher
(Oh Baby Mine) I Get So Lonely,The Four Knights
Three Coins in the Fountain,The Four Aces
Secret Love,Doris Day
Hernando's Hideaway,Archie Bleyer
Young at Heart,Frank Sinatra
This Ole House,Rosemary Clooney
I Need You Now,Eddie Fisher
Cross Over the Bridge,Patti Page
The Little Shoemaker,The Gaylords
That's Amore,Dean Martin
The Happy Wanderer,Frank Weir
"Answer Me, My Love",Nat King Cole
Stranger in Paradise,Tony Bennett
If I Give My Heart to You,Doris Day
If You Love Me (Really Love Me),Kay Starr
Skokiaan,Ralph Marterie
Hold My Hand,Don Cornell
Changing Partners,Patti Page
Papa Loves Mambo,Perry Como
"Shake, Rattle and Roll",Bill Haley & His Comets
Rags to Riches,Tony Bennett
In the Chapel in the Moonlight,Kitty Kallen
Stranger in Paradise,The Four Aces
Here,Tony Martin
All Shook Up,Elvis Presley
Love Letters in the Sand,Pat Boone
Little Darlin',The Diamonds
Young Love,Tab Hunter
So Rare,Jimmy Dorsey
Don't Forbid Me,Pat Boone
Singing the Blues,Guy Mitchell
Young Love,Sonny James
Too Much,Elvis Presley
Round and Round,Perry Como
Bye Bye Love,The Everly Brothers
Tammy,Debbie Reynolds
Party Doll,Buddy Knox
Teddy Bear,Elvis Presley
Day-O (The Banana Boat Song),Harry Belafonte
Jailhouse Rock,Elvis Presley
A White Sport Coat (and a Pink Carnation),Marty Robbins
Come Go with Me,The Del-Vikings
Wake Up Little Susie,The Everly Brothers
You Send Me,Sam Cooke
Searchin',The Coasters
School Days,Chuck Berry
Gone,Ferlin Husky
Diana,Paul Anka
A Teenager's Romance,Ricky Nelson
The Banana Boat Song,The Tarriers
Honeycomb,Jimmie Rodgers
Whole Lotta Shakin' Goin On,Jerry Lee Lewis
Dark Moon,Gale Storm
That'll Be the Day,The Crickets
Butterfly,Charlie Gracie
Moonlight Gambler,Frankie Laine
Teen-Age Crush,Tommy Sands
It's Not for Me to Say,Johnny Mathis
Silhouettes,The Rays
Butterfly,Andy Williams
Marianne,The Easy Riders
I'm Walkin',Fats Domino
Chances Are,Johnny Mathis
Send for Me,Nat King Cole
Rainbow,Russ Hamilton
Be-Bop Baby,Ricky Nelson
Short Fat Fannie,Larry Williams
Green Door,Jim Lowe
I'm Gonna Sit Right Down and Write Myself a Letter,Billy Williams
Old Cape Cod,Patti Page
Mr. Lee,The Bobbettes
Blueberry Hill,Fats Domino
Whispering Bells,The Del-Vikings
Blue Monday,Fats Domino
Theme from A Summer Place,Percy Faith
He'll Have to Go,Jim Reeves
Cathy's Clown,The Everly Brothers
Running Bear,Johnny Preston
Teen Angel,Mark Dinning
I'm Sorry,Brenda Lee
It's Now or Never,Elvis Presley
Handy Man,Jimmy Jones
Stuck on You,Elvis Presley
The Twist,Chubby Checker
Everybody's Somebody's Fool,Connie Francis
Wild One,Bobby Rydell
Greenfields,The Brothers Four
What in the World's Come Over You,Jack Scott
El Paso,Marty Robbins
Alley Oop,The Hollywood Argyles
My Heart Has a Mind of Its Own,Connie Francis
Sweet Nothin's,Brenda Lee
Itsy Bitsy Teenie Weenie Yellow Polka Dot Bikini,Brian Hyland
Only the Lonely,Roy Orbison
Where or When,Dion and the Belmonts
Sixteen Reasons,Connie Stevens
Puppy Love,Paul Anka
Why,Frankie Avalon
"Walk, Don't Run",The Ventures
Save the Last Dance for Me,The Drifters
Baby (You've Got What It Takes),Dinah Washington
Sink the Bismarck,Johnny Horton
Chain Gang,Sam Cooke
Let It Be Me,The Everly Brothers
Good Timin',Jimmy Jones
Beyond the Sea,Bobby Darin
"Go, Jimmy, Go",Jimmy Clanton
Night,Jackie Wilson
Burning Bridges,Jack Scott
The Big Hurt,Toni Fisher
Because They're Young,Duane Eddy
Lonely Blue Boy,Conway Twitty
Pretty Blue Eyes,Steve Lawrence
Way Down Yonder in New Orleans,Freddy Cannon
Paper Roses,Anita Bryant
Mr. Custer,Larry Verne
I Want to Be Wanted,Brenda Lee
Mule Skinner Blues,The Fendermen
Cradle of Love,Johnny Preston
You Got What It Takes,Marv Johnson
"Please Help Me, I'm Falling",Hank Locklin
Love You So,Ron Holden
Finger Poppin' Time,Hank Ballard
Harbor Lights,The Platters
Let the Little Girl Dance,Billy Bland
He'll Have to Stay,Jeanne Black
Theme from The Apartment,Ferrante & Teicher
Volare,Bobby Rydell
A Million to One,Jimmy Charles
The Village of St. Bernadette,Andy Williams
White Silver Sands,Bill Black's Combo
The Old Lamp-Lighter,The Browns
Devil or Angel,Bobby Vee
Down by the Station,The Four Preps
Image of a Girl,The Safaris
Kiddio,Brook Benton
Mission Bell,Donnie Brooks
I Love the Way You Love,Marv Johnson
It's Time to Cry,Paul Anka
Tell Laura I Love Her,Ray Peterson
Mama,Connie Francis
Footsteps,Steve Lawrence
So Sad,The Everly Brothers
That's All You Gotta Do,Brenda Lee
Walking to New Orleans,Fats Domino
Among My Souvenirs,Connie Francis
Swingin' School,Bobby Rydell
A Rockin' Good Way (To Mess Around and Fall in Love),Dinah Washington
Stairway to Heaven,Neil Sedaka
My Home Town,Paul Anka
Georgia on My Mind,Ray Charles
Cherry Pie,Skip and Flip
Wonderful World,Sam Cooke
Tracy's Theme,Spencer Ross
Lady Luck,Lloyd Price
Step by Step,The Crests
Happy-Go-Lucky Me,Paul Evans
Young Emotions,Ricky Nelson
Dreamin',Johnny Burnette
Poetry in Motion,Johnny Tillotson
O Dio Mio,Annette Funicello
You Talk Too Much,Joe Jones
Beatnik Fly,Johnny and the Hurricanes
When Will I Be Loved,The Everly Brothers
Let's Think About Living,Bob Luman
Heartaches by the Number,Guy Mitchell
My Little Corner of the World,Anita Bryant
Doggin' Around,Jackie Wilson
Little Bitty Girl,Bobby Rydell
Money (That's What I Want),Barrett Strong
Stay,Maurice Williams and the Zodiacs
Lonely Weekends,Charlie Rich
Sandy,Larry Hall
Surfin' U.S.A.,The Beach Boys
The End of the World,Skeeter Davis
Rhythm of the Rain,The Cascades
He's So Fine,The Chiffons
Blue Velvet,Bobby Vinton
Hey Paula,Paul & Paula
Fingertips,Little Stevie Wonder
Can't Get Used to Losing You,Andy Williams
My Boyfriend's Back,The Angels
Sukiyaki,Kyu Sakamoto
So Much in Love,The Tymes
"Puff, the Magic Dragon","Peter, Paul & Mary"
Blowin' in the Wind,"Peter, Paul & Mary"
Wipe Out,The Surfaris
Wipe Out,The Surfaris
I Love You Because,Al Martino
Wild Weekend,The Rebels
You're the Reason I'm Living,Bobby Darin
Walk Like a Man,The Four Seasons
Mockingbird,Inez & Charlie Foxx
I Will Follow Him,Little Peggy March
Pipeline,The Chantays
Surf City,Jan & Dean
It's My Party,Lesley Gore
Blame It on the Bossa Nova,Eydie Gormé
You Can't Sit Down,The Dovells
Heat Wave,Martha and the Vandellas
Denise,Randy & the Rainbows
Walk Right In,The Rooftop Singers
If You Wanna Be Happy,Jimmy Soul
If I Had a Hammer,Trini Lopez
Easier Said Than Done,The Essex
Ruby Baby,Dion
Our Day Will Come,Ruby & the Romantics
Hello Stranger,Barbara Lewis
Be My Baby,The Ronettes
South Street,The Orlons
Days of Wine and Roses,Henry Mancini
The Monkey Time,Major Lance
Candy Girl,The Four Seasons
Sugar Shack,Jimmy Gilmer and the Fireballs
Still,Bill Anderson
Blue on Blue,Bobby Vinton
Cry Baby,Garnet Mimms
Two Faces Have I,Lou Christie
Busted,Ray Charles
Da Doo Ron Ron,The Crystals
Foolish Little Girl,The Shirelles
Memphis,Lonnie Mack
In Dreams,Roy Orbison
More,Kai Winding
I Can't Stay Mad at You,Skeeter Davis
Losing You,Brenda Lee
Mean Woman Blues,Roy Orbison
Our Winter Love,Bill Pursell
I Wanna Be Around,Tony Bennett
You've Really Got a Hold on Me,The Miracles
Sally Go 'Round the Roses,The Jaynetts
(You're the) Devil in Disguise,Elvis Presley
Those Lazy-Hazy-Crazy Days of Summer,Nat King Cole
Baby Workout,Jackie Wilson
Pride and Joy,Marvin Gaye
Deep Purple,Nino Tempo & April Stevens
From a Jack to a King,Ned Miller
Up on the Roof,The Drifters
What Will Mary Say,Johnny Mathis
Mama Didn't Lie,Jan Bradley
The Night Has a Thousand Eyes,Bobby Vee
Don't Say Nothin' Bad (About My Baby),The Cookies
Ring of Fire,Johnny Cash
Just One Look,Doris Troy
"Hello Muddah, Hello Fadduh (A Letter from Camp)",Allan Sherman
Judy's Turn to Cry,Lesley Gore
"Tie Me Kangaroo Down, Sport",Rolf Harris
Fools Rush In,Rick Nelson
Washington Square,The Village Stompers
Donna the Prima Donna,Dion
"That Sunday, That Summer",Nat King Cole
Another Saturday Night,Sam Cooke
"Painted, Tainted Rose",Al Martino
Go Away Little Girl,Steve Lawrence
Take These Chains from My Heart,Ray Charles
Talk to Me,Sunny & the Sunglows
Come and Get These Memories,Martha and the Vandellas
Do the Bird,Dee Dee Sharp
It's All Right,The Impressions
Shut Down,The Beach Boys
One Fine Day,The Chiffons
Little Town Flirt,Del Shannon
Fly Me to the Moon,Joe Harnell
The Reverend Mr. Black,The Kingston Trio
Hot Pastrami,The Dartells
Martian Hop,The Ran-Dells
Wonderful! Wonderful!,The Tymes
Abilene,George Hamilton IV
Part Time Love,Little Johnny Taylor
Maria Elena,Los Indios Tabajaras
Detroit City,Bobby Bare
Twenty Miles,Chubby Checker
"Green, Green",The New Christy Minstrels
Hey Girl,Freddie Scott
California Dreamin',The Mamas & the Papas
96 Tears,? and the Mysterians
What Becomes of the Brokenhearted,Jimmy Ruffin
Last Train to Clarksville,The Monkees
Reach Out I'll Be There,Four Tops
These Boots Are Made for Walkin',Nancy Sinatra
Cherish,The Association
Strangers in the Night,Frank Sinatra
Kicks,Paul Revere & the Raiders
The Ballad of the Green Berets,SSgt Barry Sadler
Good Lovin',The Young Rascals
(You're My) Soul and Inspiration,The Righteous Brothers
You Can't Hurry Love,The Supremes
Sunny,Bobby Hebb
See You In September,The Happenings
Li'l Red Riding Hood,Sam the Sham and the Pharaohs
Lightnin' Strikes,Lou Christie
Poor Side of Town,Johnny Rivers
Working In The Coal Mine,Lee Dorsey
A Groovy Kind of Love,The Mindbenders
You Don't Have To Say You Love Me,Dusty Springfield
Sunshine Superman,Donovan
Born a Woman,Sandy Posey
"Monday, Monday",The Mamas & the Papas
Red Rubber Ball,The Cyrkle
Born Free,Roger Williams
Walk Away Renée,The Left Banke
Cool Jerk,The Capitols
B-A-B-Y,Carla Thomas
Hanky Panky,Tommy James and the Shondells
When a Man Loves a Woman,Percy Sledge
Time Won't Let Me,The Outsiders
Bus Stop,The Hollies
Paint It Black,The Rolling Stones
Summer in the City,The Lovin' Spoonful
I'm So Lonesome I Could Cry,B. J. Thomas & the Triumphs
My Love,Petula Clark
Daydream,The Lovin' Spoonful
Ain't Too Proud to Beg,The Temptations
Wild Thing,The Troggs
Elusive Butterfly,Bob Lind
I Am a Rock,Simon & Garfunkel
Dirty Water,The Standells
Hooray for Hazel,Tommy Roe
Crying Time,Ray Charles
Sweet Pea,Tommy Roe
Secret Agent Man,Johnny Rivers
Did You Ever Have to Make Up Your Mind?,The Lovin' Spoonful
We Can Work It Out,The Beatles
Homeward Bound,Simon & Garfunkel
Uptight (Everything's Alright),Stevie Wonder
Bang Bang (My Baby Shot Me Down),Cher
Sloop John B,The Beach Boys
19th Nervous Breakdown,The Rolling Stones
Psychotic Reaction,Count Five
Paperback Writer,The Beatles
Beauty Is Only Skin Deep,The Temptations
No Matter What Shape (Your Stomach's In),The T-Bones
Barefootin,Robert Parker
Just Like Me,Paul Revere & the Raiders
Love Makes the World Go Round,Deon Jackson
The Pied Piper,Crispian St. Peters
Somewhere My Love,Ray Conniff Singers
Almost Persuaded,David Houston
If I Were a Carpenter,Bobby Darin
Don't Mess with Bill,The Marvelettes
"Cherry, Cherry",Neil Diamond
Message to Michael,Dionne Warwick
Love Is a Hurtin' Thing,Lou Rawls
Gloria,The Shadows of Knight
My World Is Empty Without You,The Supremes
Barbara Ann,The Beach Boys
Rainy Day Women #12 & 35,Bob Dylan
Guantanamera,The Sandpipers
I'm Your Puppet,James & Bobby Purify
Land of 1000 Dances,Wilson Pickett
Oh How Happy,The Shades of Blue
Woman,Peter and Gordon
You Baby,The Turtles
Sweet Talkin' Guy,The Chiffons
Five O'Clock World,The Vogues
Black Is Black,Los Bravos
Nowhere Man,The Beatles
Dandy,Herman's Hermits
Baby Scratch My Back,Slim Harpo
She's Just My Style,Gary Lewis & The Playboys
The More I See You,Chris Montez
I Fought the Law,Bobby Fuller Four
Yellow Submarine,The Beatles
Hungry,Paul Revere & the Raiders
Zorba the Greek,Herb Alpert and the Tijuana Brass
Shapes of Things,The Yardbirds
Along Comes Mary,The Association
"634-5789 (Soulsville, U.S.A.)",Wilson Pickett
"('Devil with a Blue Dress On', 'Mitch Ryder & the Detroit Wheels')","('Good Golly Miss Molly', 'Mitch Ryder & the Detroit Wheels')"
Wouldn't It Be Nice,The Beach Boys
This Old Heart of Mine,The Isley Brothers
Green Grass,Gary Lewis & The Playboys
A Well Respected Man,The Kinks
"Sugar, Sugar",The Archies
Aquarius/Let the Sunshine In,The 5th Dimension
I Can't Get Next to You,The Temptations
Honky Tonk Women,The Rolling Stones
Everyday People,Sly and the Family Stone
Dizzy,Tommy Roe
Hot Fun in the Summertime,Sly and the Family Stone
I'll Never Fall in Love Again,Tom Jones
Build Me Up Buttercup,The Foundations
Crimson and Clover,Tommy James and the Shondells
One,Three Dog Night
Crystal Blue Persuasion,Tommy James and the Shondells
Hair,The Cowsills
Too Busy Thinking About My Baby,Marvin Gaye
Love Theme from Romeo and Juliet,Henry Mancini
Get Together,The Youngbloods
Grazing in the Grass,The Friends of Distinction
Suspicious Minds,Elvis Presley
Proud Mary,Creedence Clearwater Revival
What Does It Take (To Win Your Love),Jr. Walker & The All Stars
It's Your Thing,The Isley Brothers
Sweet Caroline,Neil Diamond
Jean,Oliver
Bad Moon Rising,Creedence Clearwater Revival
Get Back,The Beatles
In the Year 2525,Zager & Evans
Spinning Wheel,"Blood, Sweat & Tears"
"Baby, I Love You",Andy Kim
Going in Circles,The Friends of Distinction
Hurt So Bad,The Lettermen
Green River,Creedence Clearwater Revival
My Cherie Amour,Stevie Wonder
Easy to Be Hard,Three Dog Night
Baby It's You,Smith
In the Ghetto,Elvis Presley
A Boy Named Sue,Johnny Cash
"Baby, Baby Don't Cry",The Miracles
Only the Strong Survive,Jerry Butler
Time of the Season,The Zombies
Wedding Bell Blues,The 5th Dimension
Little Woman,Bobby Sherman
Love (Can Make You Happy),Mercy
Good Morning Starshine,Oliver
These Eyes,The Guess Who
You've Made Me So Very Happy,"Blood, Sweat & Tears"
Put a Little Love in Your Heart,Jackie DeShannon
Do Your Thing,Charles Wright & the Watts 103rd Street Rhythm Band
I'd Wait a Million Years,The Grass Roots
Touch Me,The Doors
More Today Than Yesterday,Spiral Starecase
I've Gotta Be Me,Sammy Davis Jr.
Lay Lady Lay,Bob Dylan
Atlantis,Donovan
Traces,Classics IV
It's Getting Better,"""Mama"" Cass Elliot"
This Magic Moment,Jay and the Americans
"Runaway Child, Running Wild",The Temptations
Hawaii Five-O,The Ventures
Galveston,Glen Campbell
I'm Gonna Make You Mine,Lou Christie
Gitarzan,Ray Stevens
Can I Change My Mind,Tyrone Davis
Time Is Tight,Booker T. & the M.G.'s
This Girl's in Love With You,Dionne Warwick
Color Him Father,The Winstons
Black Pearl,"Checkmates, Ltd."
Indian Giver,1910 Fruitgum Company
Mother Popcorn,James Brown
Twenty-Five Miles,Edwin Starr
Things I'd Like to Say,New Colony Six
When I Die,Motherlode
That's the Way Love Is,Marvin Gaye
Everybody's Talkin',Harry Nilsson
Worst That Could Happen,The Brooklyn Bridge
The Chokin' Kind,Joe Simon
Smile a Little Smile for Me,The Flying Machine
Polk Salad Annie,Tony Joe White
"Ruby, Don't Take Your Love to Town",Kenny Rogers and The First Edition
Games People Play,Joe South
You Showed Me,The Turtles
Tracy,The Cuff Links
"Oh, What a Night",The Dells
Something,The Beatles
This Girl Is a Woman Now,Gary Puckett & The Union Gap
Come Together,The Beatles
Ramblin' Gamblin' Man,Bob Seger System
I'm Gonna Make You Love Me,The Supremes
I Heard It Through the Grapevine,Marvin Gaye
Gimme Gimme Good Lovin',Crazy Elephant
Hang 'Em High,Booker T. & the M.G.'s
Your Good Thing (Is About to End),Lou Rawls
"Baby, I'm for Real",The Originals
Oh Happy Day,Edwin Hawkins Singers
Love Me Tonight,Tom Jones
"Mr. Sun, Mr. Moon",Paul Revere & the Raiders
Laughing,The Guess Who
My Whole World Ended (The Moment You Left Me),David Ruffin
Soul Deep,The Box Tops
Hooked on a Feeling,B.J. Thomas
Sweet Cream Ladies,The Box Tops
Let Me,Paul Revere & the Raiders
The First Time Ever I Saw Your Face,Roberta Flack
Alone Again (Naturally),Gilbert O'Sullivan
American Pie,Don McLean
Without You,Harry Nilsson
The Candy Man,Sammy Davis Jr.
I Gotcha,Joe Tex
Lean on Me,Bill Withers
"Baby, Don't Get Hooked on Me",Mac Davis
Brand New Key,Melanie
Daddy Don't You Walk So Fast,Wayne Newton
Let's Stay Together,Al Green
Brandy (You're a Fine Girl),Looking Glass
Oh Girl,The Chi-Lites
Nice to Be with You,Gallery
My Ding-a-Ling,Chuck Berry
(If Loving You Is Wrong) I Don't Want to Be Right,Luther Ingram
Heart of Gold,Neil Young
"Betcha by Golly, Wow",The Stylistics
I'll Take You There,The Staple Singers
Ben,Michael Jackson
The Lion Sleeps Tonight,Robert John
Outa-Space,Billy Preston
Slippin' into Darkness,War
Long Cool Woman in a Black Dress,The Hollies
How Do You Do,Mouth & MacNeal
Song Sung Blue,Neil Diamond
A Horse with No Name,America
Popcorn,Hot Butter
Everybody Plays the Fool,The Main Ingredient
Precious and Few,Climax
(Last Night) I Didn't Get to Sleep at All,The 5th Dimension
Nights in White Satin,The Moody Blues
Go All the Way,Raspberries
Too Late to Turn Back Now,Cornelius Brothers & Sister Rose
Back Stabbers,The O'Jays
Down by the Lazy River,The Osmonds
Sunshine,Jonathan Edwards
Starting All Over Again,Mel and Tim
Day After Day,Badfinger
Rocket Man,Elton John
Rockin' Robin,Michael Jackson
Beautiful Sunday,Daniel Boone
Scorpio,Dennis Coffey
Morning Has Broken,Cat Stevens
City of New Orleans,Arlo Guthrie
Garden Party,Ricky Nelson
I Can See Clearly Now,Johnny Nash
Burning Love,Elvis Presley
Clean Up Woman,Betty Wright
Hold Your Head Up,Argent
Jungle Fever,The Chakachas
Everything I Own,Bread
In the Rain,The Dramatics
Look What You Done for Me,Al Green
The Happiest Girl in the Whole U.S.A.,Donna Fargo
Bang a Gong (Get it On),T. Rex
Mother and Child Reunion,Paul Simon
Where Is the Love,Roberta Flack
I'm Still in Love with You,Al Green
Layla,Derek and the Dominos
Day Dreaming,Aretha Franklin
The Way of Love,Cher
Black and White,Three Dog Night
Sylvia's Mother,Dr. Hook & the Medicine Show
Hurting Each Other,The Carpenters
Coconut,Harry Nilsson
Puppy Love,Donny Osmond
You Don't Mess Around with Jim,Jim Croce
Hot Rod Lincoln,Commander Cody and His Lost Planet Airmen
A Cowboy's Work Is Never Done,Sonny & Cher
Joy,Apollo 100
Anticipation,Carly Simon
Never Been to Spain,Three Dog Night
Kiss an Angel Good Mornin',Charley Pride
School's Out,Alice Cooper
Saturday in the Park,Chicago
Drowning in the Sea of Love,Joe Simon
Use Me,Bill Withers
Family Affair,Sly & the Family Stone
Troglodyte (Cave Man),The Jimmy Castor Bunch
The Witch Queen of New Orleans,Redbone
Freddie's Dead,Curtis Mayfield
Power of Love,Joe Simon
Ain't Understanding Mellow,Jerry Butler
Taxi,Harry Chapin
Don't Say You Don't Remember,Beverly Bremers
Sealed with a Kiss,Bobby Vinton
I Saw the Light,Todd Rundgren
Motorcycle Mama,Sailcat
Day by Day,Original Cast of Godspell
Roundabout,Yes
Doctor My Eyes,Jackson Browne
I'd Like to Teach the World to Sing (In Perfect Harmony),The New Seekers
Vincent,Don McLean
Baby Let Me Take You (In My Arms),The Detroit Emeralds
Speak to the Sky,Rick Springfield
I'd Like to Teach the World to Sing (In Perfect Harmony),The Hillside Singers
Walkin' in the Rain with the One I Love,Love Unlimited
Get on the Good Foot,James Brown
Pop That Thang,The Isley Brothers
Love Will Keep Us Together,Captain & Tennille
Rhinestone Cowboy,Glen Campbell
Philadelphia Freedom,Elton John
Before the Next Teardrop Falls,Freddy Fender
My Eyes Adored You,Frankie Valli
Some Kind of Wonderful,Grand Funk Railroad
Shining Star,"Earth, Wind & Fire"
Fame,David Bowie
Laughter in the Rain,Neil Sedaka
One of These Nights,Eagles
Thank God I'm a Country Boy,John Denver
Jive Talkin',Bee Gees
Best of My Love,Eagles
Lovin' You,Minnie Riperton
Kung Fu Fighting,Carl Douglas
Black Water,The Doobie Brothers
The Ballroom Blitz,Sweet
(Hey Won't You Play) Another Somebody Done Somebody Wrong Song,B.J. Thomas
He Don't Love You (Like I Love You),Tony Orlando and Dawn
At Seventeen,Janis Ian
Pick Up the Pieces,Average White Band
The Hustle,Van McCoy & the Soul City Symphony
Lady Marmalade,Labelle
Why Can't We Be Friends?,War
Love Won't Let Me Wait,Major Harris
Boogie On Reggae Woman,Stevie Wonder
Wasted Days and Wasted Nights,Freddy Fender
Angie Baby,Helen Reddy
Fight the Power,The Isley Brothers
Jackie Blue,Ozark Mountain Daredevils
Fire,Ohio Players
Magic,Pilot
Please Mr. Postman,The Carpenters
Sister Golden Hair,America
Lucy in the Sky with Diamonds,Elton John
Mandy,Barry Manilow
Have You Never Been Mellow,Olivia Newton-John
Could It Be Magic,Barry Manilow
Cat's in the Cradle,Harry Chapin
Wildfire,Michael Martin Murphey
I'm Not Lisa,Jessi Colter
Listen to What the Man Said,Wings
I'm Not in Love,10cc
I Can Help,Billy Swan
Fallin' in Love,"Hamilton, Joe Frank & Reynolds"
Feelings,Morris Albert
When Will I Be Loved,Linda Ronstadt
Chevy Van,Sammy Johns
"You're the First, the Last, My Everything",Barry White
Please Mr. Please,Olivia Newton-John
You're No Good,Linda Ronstadt
Dynomite,Bazuka
Walking in Rhythm,The Blackbyrds
"('The Way We Were', 'Gladys Knight & the Pips')","('Try to Remember', 'Gladys Knight & the Pips')"
Midnight Blue,Melissa Manchester
"Don't Call Us, We'll Call You",Sugarloaf
Poetry Man,Phoebe Snow
How Long?,Ace
Express,B.T. Express
That's the Way of the World,"Earth, Wind & Fire"
Lady,Styx
Bad Time,Grand Funk
Only Women Bleed,Alice Cooper
Doctor's Orders,Carol Douglas
Get Down Tonight,KC and the Sunshine Band
You Are So Beautiful,Joe Cocker
Feel Like Makin' Love,Bad Company
How Sweet It Is (To Be Loved by You),James Taylor
Dance with Me,Orleans
Cut the Cake,Average White Band
Never Can Say Goodbye,Gloria Gaynor
I Don't Like to Sleep Alone,Paul Anka
Morning Side of the Mountain,Donny
When Will I See You Again,The Three Degrees
"Get Down, Get Down (Get on the Floor)",Joe Simon
I'm Sorry,John Denver
Killer Queen,Queen
Shoeshine Boy,Eddie Kendricks
Do It ('Til You're Satisfied),B.T. Express
Can't Get It Out of My Head,Electric Light Orchestra
Sha-La-La (Make Me Happy),Al Green
Lonely People,America
You Got the Love,Rufus
The Rockford Files Theme,Mike Post
It Only Takes a Minute,Tavares
No No Song,Ringo Starr
Junior's Farm,Paul McCartney & Wings
Bungle in the Jungle,Jethro Tull
Long Tall Glasses (I Can Dance),Leo Sayer
Misty,Ray Stevens
Someone Saved My Life Tonight,Elton John
Bad Blood,Neil Sedaka
Only Yesterday,The Carpenters
I'm on Fire,Dwight Twilley Band
Only You (And You Alone),Ringo Starr
Third Rate Romance,Amazing Rhythm Aces
You Ain't Seen Nothing Yet,Bachman–Turner Overdrive
Swearin' to God,Frankie Valli
Get Dancin',Disco-Tex and the Sex-O-Lettes
Shadow Dancing,Andy Gibb
Night Fever,Bee Gees
You Light Up My Life,Debby Boone
Stayin' Alive,Bee Gees
Kiss You All Over,Exile
How Deep Is Your Love,Bee Gees
Baby Come Back,Player
(Love Is) Thicker Than Water,Andy Gibb
Boogie Oogie Oogie,A Taste of Honey
Three Times a Lady,Commodores
Grease,Frankie Valli
I Go Crazy,Paul Davis
You're the One That I Want,John Travolta
Emotion,Samantha Sang
Lay Down Sally,Eric Clapton
Miss You,The Rolling Stones
Just the Way You Are,Billy Joel
With a Little Luck,Wings
If I Can't Have You,Yvonne Elliman
"Dance, Dance, Dance (Yowsah, Yowsah, Yowsah)",Chic
Feels So Good,Chuck Mangione
Hot Child in the City,Nick Gilder
Love Is Like Oxygen,Sweet
It's a Heartache,Bonnie Tyler
"('We Will Rock You', 'Queen')","('We Are the Champions', 'Queen')"
Baker Street,Gerry Rafferty
Can't Smile Without You,Barry Manilow
"Too Much, Too Little, Too Late",Johnny Mathis
Dance With Me,Peter Brown
Two Out of Three Ain't Bad,Meat Loaf
Jack And Jill,Raydio
Take a Chance on Me,ABBA
Sometimes When We Touch,Dan Hill
Last Dance,Donna Summer
Hopelessly Devoted to You,Olivia Newton-John
Hot Blooded,Foreigner
You're in My Heart (The Final Acclaim),Rod Stewart
The Closer I Get to You,Roberta Flack
Dust in the Wind,Kansas
Magnet and Steel,Walter Egan
Short People,Randy Newman
Use ta Be My Girl,The O'Jays
Our Love,Natalie Cole
Love Will Find a Way,Pablo Cruise
An Everlasting Love,Andy Gibb
Love Is in the Air,John Paul Young
Goodbye Girl,David Gates
Slip Slidin' Away,Paul Simon
The Groove Line,Heatwave
Thunder Island,Jay Ferguson
Imaginary Lover,Atlanta Rhythm Section
Still the Same,Bob Seger & The Silver Bullet Band
My Angel Baby,Toby Beau
Disco Inferno,The Trammps
On Broadway,George Benson
Come Sail Away,Styx
(Every Time I Turn Around) Back in Love Again,L.T.D.
This Time I'm in It for Love,Player
You Belong to Me,Carly Simon
Here You Come Again,Dolly Parton
Blue Bayou,Linda Ronstadt
Peg,Steely Dan
You Needed Me,Anne Murray
Shame,"Evelyn ""Champagne"" King"
Reminiscing,Little River Band
Count On Me,Jefferson Starship
Baby Hold On,Eddie Money
Hey Deanie,Shaun Cassidy
Summer Nights,John Travolta
What's Your Name,Lynyrd Skynyrd
Don't It Make My Brown Eyes Blue,Crystal Gayle
Because the Night,Patti Smith Group
Every Kinda People,Robert Palmer
Copacabana,Barry Manilow
Always and Forever,Heatwave
You and I,Rick James
Serpentine Fire,"Earth, Wind & Fire"
Sentimental Lady,Bob Welch
Falling,LeBlanc
Don't Let Me Be Misunderstood,Santa Esmeralda
Bluer Than Blue,Michael Johnson
Running on Empty,Jackson Browne
Whenever I Call You 'Friend',Kenny Loggins
Fool (If You Think It's Over),Chris Rea
Get Off,Foxy
Sweet Talkin' Woman,Electric Light Orchestra
Life's Been Good,Joe Walsh
I Love the Nightlife,Alicia Bridges
You Can't Turn Me Off (In The Middle Of Turning Me On),High Inergy
It's So Easy,Linda Ronstadt
Native New Yorker,Odyssey
Flash Light,Parliament
Don't Look Back,Boston
Turn to Stone,Electric Light Orchestra
I Can't Stand the Rain,Eruption
Ebony Eyes,Bob Welch
The Name of the Game,ABBA
We're All Alone,Rita Coolidge
Hollywood Nights,Bob Seger & The Silver Bullet Band
Deacon Blues,Steely Dan
Bette Davis Eyes,Kim Carnes
Endless Love,Diana Ross
Lady,Kenny Rogers
(Just Like) Starting Over,John Lennon
Jessie's Girl,Rick Springfield
Celebration,Kool & the Gang
Kiss on My List,Hall & Oates
I Love a Rainy Night,Eddie Rabbitt
9 To 5,Dolly Parton
Keep on Loving You,REO Speedwagon
Theme from The Greatest American Hero (Believe It or Not),Joey Scarbury
Morning Train (Nine to Five),Sheena Easton
Being with You,Smokey Robinson
Queen of Hearts,Juice Newton
Rapture,Blondie
A Woman Needs Love (Just Like You Do),Raydio
The Tide Is High,Blondie
Just the Two of Us,"Grover Washington, Jr."
Slow Hand,The Pointer Sisters
I Love You,Climax Blues Band
Woman,John Lennon
Sukiyaki,A Taste of Honey
The Winner Takes It All,ABBA
Stars on 45 Medley,Stars on 45
Angel of the Morning,Juice Newton
Love on the Rocks,Neil Diamond
Every Woman in the World,Air Supply
The One That You Love,Air Supply
Guilty,Barbra Streisand
The Best of Times,Styx
Elvira,The Oak Ridge Boys
Take It on the Run,REO Speedwagon
(There's) No Gettin' Over Me,Ronnie Milsap
Living Inside Myself,Gino Vannelli
Woman in Love,Barbra Streisand
The Boy from New York City,The Manhattan Transfer
Urgent,Foreigner
Passion,Rod Stewart
Lady (You Bring Me Up),Commodores
Crying,Don McLean
Hearts,Marty Balin
It's My Turn,Diana Ross
You Make My Dreams,Hall & Oates
I Don't Need You,Kenny Rogers
How 'Bout Us,Champaign
Hit Me with Your Best Shot,Pat Benatar
The Breakup Song (They Don't Write 'Em),The Greg Kihn Band
Time,The Alan Parsons Project
Hungry Heart,Bruce Springsteen
Sweetheart,Franke and the Knockouts
Somebody's Knockin',Terri Gibbs
More Than I Can Say,Leo Sayer
Together,Tierra
Too Much Time on My Hands,Styx
What Are We Doin' in Love,Dottie West
Who's Crying Now,Journey
"De Do Do Do, De Da Da Da",The Police
This Little Girl,Gary U.S. Bonds
Stop Draggin' My Heart Around,Stevie Nicks
Giving It Up for Your Love,Delbert McClinton
A Little in Love,Cliff Richard
America,Neil Diamond
Ain't Even Done with the Night,John Cougar
Arthur's Theme (Best That You Can Do),Christopher Cross
Another One Bites the Dust,Queen
Games People Play,The Alan Parsons Project
I Can't Stand It,Eric Clapton
While You See a Chance,Steve Winwood
Master Blaster (Jammin'),Stevie Wonder
Hello Again,Neil Diamond
Don't Stand So Close to Me,The Police
Hey Nineteen,Steely Dan
I Ain't Gonna Stand for It,Stevie Wonder
All Those Years Ago,George Harrison
Step By Step,Eddie Rabbitt
The Stroke,Billy Squier
Feels So Right,Alabama
Sweet Baby,Stanley Clarke
Same Old Lang Syne,Dan Fogelberg
Cool Love,Pablo Cruise
Hold On Tight,Electric Light Orchestra
It's Now or Never,John Schneider
Treat Me Right,Pat Benatar
Winning,Santana
What Kind of Fool,Barbra Streisand
Watching the Wheels,John Lennon
Tell It Like It Is,Heart
Smoky Mountain Rain,Ronnie Milsap
I Made It Through the Rain,Barry Manilow
You've Lost That Lovin' Feelin',Hall & Oates
Suddenly,Olivia Newton-John
For Your Eyes Only,Sheena Easton
The Beach Boys Medley,The Beach Boys
Whip It,Devo
Modern Girl,Sheena Easton
Really Wanna Know You,Gary Wright
Seven Year Ache,Rosanne Cash
I'm Coming Out,Diana Ross
Miss Sun,Boz Scaggs
Time Is Time,Andy Gibb
When Doves Cry,Prince
what’s love got to do with it ,Tina Turner
Footloose,Kenny Loggins
Against All Odds (Take a Look at Me Now),Phil Collins
Jump,Van Halen
Hello,Lionel Richie
Owner of a Lonely Heart,Yes
Ghostbusters,Ray Parker Jr.
Karma Chameleon,Culture Club
Missing You,John Waite
All Night Long (All Night),Lionel Richie
Let's Hear It for the Boy,Deniece Williams
Dancing in the Dark,Bruce Springsteen
Girls Just Want to Have Fun,Cyndi Lauper
The Reflex,Duran Duran
Time After Time,Cyndi Lauper
Jump (For My Love),The Pointer Sisters
Talking in Your Sleep,The Romantics
Self Control,Laura Branigan
Let's Go Crazy,Prince
Say It Isn't So,Daryl Hall & John Oates
Hold Me Now,Thompson Twins
Joanna,Kool & the Gang
I Just Called to Say I Love You,Stevie Wonder
Somebody's Watching Me,Rockwell
Break My Stride,Matthew Wilder
99 Luftballons,Nena
I Can Dream About You,Dan Hartman
The Glamorous Life,Sheila E.
Oh Sherrie,Steve Perry
Stuck on You,Lionel Richie
I Guess That's Why They Call It the Blues,Elton John
She Bop,Cyndi Lauper
Borderline,Madonna
Sunglasses at Night,Corey Hart
Eyes Without a Face,Billy Idol
Here Comes the Rain Again,Eurythmics
Uptown Girl,Billy Joel
Sister Christian,Night Ranger
Drive,The Cars
Twist of Fate,Olivia Newton-John
Union of the Snake,Duran Duran
The Heart of Rock & Roll,Huey Lewis and the News
Hard Habit to Break,Chicago
The Warrior,Scandal
If Ever You're in My Arms Again,Peabo Bryson
Automatic,The Pointer Sisters
Let the Music Play,Shannon
To All the Girls I've Loved Before,Julio Iglesias
Caribbean Queen (No More Love on the Run),Billy Ocean
That's All,Genesis
Running with the Night,Lionel Richie
Sad Songs (Say So Much),Elton John
I Want a New Drug,Huey Lewis and the News
Islands in the Stream,Kenny Rogers
Love Is a Battlefield,Pat Benatar
Infatuation,Rod Stewart
Almost Paradise,Mike Reno
Legs,ZZ Top
State of Shock,The Jacksons
Love Somebody,Rick Springfield
Miss Me Blind,Culture Club
If This Is It,Huey Lewis and the News
You Might Think,The Cars
Lucky Star,Madonna
Cover Me,Bruce Springsteen
Cum on Feel the Noize,Quiet Riot
Breakdance,Irene Cara
Adult Education,Daryl Hall & John Oates
They Don't Know,Tracey Ullman
An Innocent Man,Billy Joel
Cruel Summer,Bananarama
Dance Hall Days,Wang Chung
Give It Up,KC and the Sunshine Band
I'm So Excited,The Pointer Sisters
I Still Can't Get Over Loving You,Ray Parker Jr.
Thriller,Michael Jackson
Holiday,Madonna
Breakin'... There's No Stopping Us,Ollie & Jerry
Nobody Told Me,John Lennon
Church of the Poison Mind,Culture Club
Think of Laura,Christopher Cross
Time Will Reveal,DeBarge
Wrapped Around Your Finger,The Police
Pink Houses,John Cougar Mellencamp
Round and Round,Ratt
Head over Heels,The Go-Go's
The Longest Time,Billy Joel
Tonight,Kool & the Gang
Got a Hold on Me,Christine McVie
Dancing in the Sheets,Shalamar
Undercover of the Night,The Rolling Stones
On the Dark Side,John Cafferty and the Beaver Brown Band
New Moon on Monday,Duran Duran
Major Tom (Coming Home),Peter Schilling
Magic,The Cars
When You Close Your Eyes,Night Ranger
Rock Me Tonite,Billy Squier
Yah Mo B There,James Ingram
Walk Like An Egyptian,The Bangles
Alone,Heart
Shake You Down,Gregory Abbott
I Wanna Dance with Somebody (Who Loves Me),Whitney Houston
Nothing's Gonna Stop Us Now,Starship
C'est La Vie,Robbie Nevil
Here I Go Again,Whitesnake
The Way It Is,Bruce Hornsby and the Range
Shakedown,Bob Seger
Livin' on a Prayer,Bon Jovi
La Bamba,Los Lobos
Everybody Have Fun Tonight,Wang Chung
Don't Dream It's Over,Crowded House
Always,Atlantic Starr
With or Without You,U2
Looking for a New Love,Jody Watley
Head to Toe,Lisa Lisa and Cult Jam
I Think We're Alone Now,Tiffany
Mony Mony,Billy Idol
At This Moment,Billy Vera and the Beaters
The Lady in Red,Chris de Burgh
Didn't We Almost Have It All,Whitney Houston
I Still Haven't Found What I'm Looking For,U2
I Want Your Sex,George Michael
Notorious,Duran Duran
Only in My Dreams,Debbie Gibson
(I've Had) The Time of My Life,Bill Medley
The Next Time I Fall,Peter Cetera
Lean on Me,Club Nouveau
Open Your Heart,Madonna
Lost in Emotion,Lisa Lisa and Cult Jam
(I Just) Died In Your Arms,Cutting Crew
Heart and Soul,T'Pau
You Keep Me Hangin' On,Kim Wilde
Keep Your Hands to Yourself,Georgia Satellites
I Knew You Were Waiting (For Me),Aretha Franklin
Control,Janet Jackson
U Got the Look,Prince
Somewhere Out There,Linda Ronstadt
Land of Confusion,Genesis
Jacob's Ladder,Huey Lewis and the News
Who's That Girl,Madonna
You Got It All,The Jets
Touch Me (I Want Your Body),Samantha Fox
I Just Can't Stop Loving You,Michael Jackson
Causing a Commotion,Madonna
In Too Deep,Genesis
Let's Wait Awhile,Janet Jackson
Hip to Be Square,Huey Lewis and the News
Will You Still Love Me?,Chicago
Little Lies,Fleetwood Mac
Luka,Suzanne Vega
I Heard A Rumour,Bananarama
Don't Mean Nothing,Richard Marx
Songbird,Kenny G
Carrie,Europe
Don't Disturb This Groove,The System
La Isla Bonita,Madonna
Bad,Michael Jackson
Sign o' the Times,Prince
Change of Heart,Cyndi Lauper
Come Go with Me,Exposé
Can't We Try,Dan Hill
To Be a Lover,Billy Idol
Mandolin Rain,Bruce Hornsby and the Range
Breakout,Swing Out Sister
Stand by Me,Ben E. King
"Tonight, Tonight, Tonight",Genesis
Someday,Glass Tiger
When Smokey Sings,ABC
Casanova,LeVert
Rhythm Is Gonna Get You,Gloria Estefan and Miami Sound Machine
Rock Steady,The Whispers
Wanted Dead or Alive,Bon Jovi
Big Time,Peter Gabriel
The Finer Things,Steve Winwood
Let Me Be the One,Exposé
Is This Love,Survivor
Diamonds,Herb Alpert
Point of No Return,Exposé
Big Love,Fleetwood Mac
Midnight Blue,Lou Gramm
Something So Strong,Crowded House
Heat of the Night,Bryan Adams
Nothing's Gonna Change My Love for You,Glenn Medeiros
Brilliant Disguise,Bruce Springsteen
Just to See Her,Smokey Robinson
Who Will You Run To,Heart
Respect Yourself,Bruce Willis
Cross My Broken Heart,The Jets
Victory,Kool & the Gang
Don't Get Me Wrong,The Pretenders
Doing It All for My Baby,Huey Lewis and the News
Right on Track,Breakfast Club
Ballerina Girl,Lionel Richie
Meet Me Half Way,Kenny Loggins
I've Been in Love Before,Cutting Crew
(You Gotta) Fight for Your Right (To Party!),Beastie Boys
Funkytown,Pseudo Echo
Love You Down,Ready for the World
Hold On,Wilson Phillips
It Must Have Been Love,Roxette
Nothing Compares 2 U,Sinéad O'Connor
Poison,Bell Biv DeVoe
Vogue,Madonna
Vision of Love,Mariah Carey
Another Day in Paradise,Phil Collins
Hold On,En Vogue
Cradle of Love,Billy Idol
Blaze of Glory,Jon Bon Jovi
Do Me!,Bell Biv DeVoe
How Am I Supposed to Live Without You,Michael Bolton
Pump Up the Jam,Technotronic
Opposites Attract,Paula Abdul
Escapade,Janet Jackson
All I Wanna Do Is Make Love to You,Heart
Close to You,Maxi Priest
Black Velvet,Alannah Myles
Release Me,Wilson Phillips
Don't Know Much,Linda Ronstadt
All Around the World,Lisa Stansfield
I Wanna Be Rich,Calloway
Rub You the Right Way,Johnny Gill
She Ain't Worth It,Glenn Medeiros
If Wishes Came True,Sweet Sensation
The Power,Snap!
(Can't Live Without Your) Love and Affection,Nelson
Love Will Lead You Back,Taylor Dayne
Don't Wanna Fall in Love,Jane Child
Two to Make It Right,Seduction
Sending All My Love,Linear
Unskinny Bop,Poison
Step by Step,New Kids on the Block
Dangerous,Roxette
We Didn't Start the Fire,Billy Joel
I Don't Have the Heart,James Ingram
Downtown Train,Rod Stewart
Rhythm Nation,Janet Jackson
I'll Be Your Everything,Tommy Page
Roam,The B-52's
Everything,Jody Watley
Back to Life (However Do You Want Me),Soul II Soul
Here and Now,Luther Vandross
Alright,Janet Jackson
Ice Ice Baby,Vanilla Ice
Blame It on the Rain,Milli Vanilli
Have You Seen Her,MC Hammer
With Every Beat of My Heart,Taylor Dayne
Come Back to Me,Janet Jackson
No More Lies,Michel'le
Praying for Time,George Michael
How Can We Be Lovers,Michael Bolton
Do You Remember?,Phil Collins
Ready or Not,After 7
U Can't Touch This,MC Hammer
I Wish It Would Rain Down,Phil Collins
Just Between You and Me,Lou Gramm
Something Happened on the Way to Heaven,Phil Collins
Black Cat,Janet Jackson
Can't Stop,After 7
Janie's Got a Gun,Aerosmith
The Humpty Dance,Digital Underground
I'll Be Your Shelter,Taylor Dayne
Free Fallin',Tom Petty
Giving You the Benefit,Pebbles
Enjoy the Silence,Depeche Mode
Love Song,Tesla
Price of Love,Bad English
Girls Nite Out,Tyler Collins
King of Wishful Thinking,Go West
What Kind of Man Would I Be?,Chicago
I Remember You,Skid Row
Get Up! (Before the Night Is Over),Technotronic
Here We Are,Gloria Estefan
Epic,Faith No More
Love Takes Time,Mariah Carey
Just Like Jesse James,Cher
Love Shack,The B-52's
All or Nothing,Milli Vanilli
Romeo,Dino
Everybody Everybody,Black Box
I Go to Extremes,Billy Joel
Whip Appeal,Babyface
Oh Girl,Paul Young
C'mon and Get My Love,D Mob
(It's Just) The Way That You Love Me,Paula Abdul
We Can't Go Wrong,The Cover Girls
When I'm Back on My Feet Again,Michael Bolton
Make You Sweat,Keith Sweat
This One's for the Children,New Kids on the Block
What It Takes,Aerosmith
Forever,Kiss
Jerk Out,The Time
Just a Friend,Biz Markie
Whole Wide World,A'Me Lorain
Without You,Mötley Crüe
Swing the Mood,Jive Bunny and the Mastermixers
Thieves in the Temple,Prince
Mentirosa,Mellow Man Ace
Tic-Tac-Toe,Kyper
I Will Always Love You,Whitney Houston
Whoomp! (There It Is),Tag Team
Can't Help Falling in Love,UB40
That's the Way Love Goes,Janet Jackson
Freak Me,Silk
Weak,SWV
If I Ever Fall in Love,Shai
Dreamlover,Mariah Carey
Rump Shaker,Wreckx-n-Effect
Informer,Snow
Nuthin' but a 'G' Thang,Dr. Dre
In the Still of the Nite,Boyz II Men
Don't Walk Away,Jade
Knockin' da Boots,H-Town
Lately,Jodeci
Dazzey Duks,Duice
Show Me Love,Robin S.
A Whole New World,Peabo Bryson
If,Janet Jackson
I'm So Into You,SWV
Love Is,Vanessa Williams
Runaway Train,Soul Asylum
I'll Never Get Over You (Getting Over Me),Exposé
Ditty,Paperboy
Rhythm Is a Dancer,Snap!
The River of Dreams,Billy Joel
I'm Gonna Be (500 Miles),The Proclaimers
Two Princes,Spin Doctors
Right Here (Human Nature),SWV
I Have Nothing,Whitney Houston
Mr. Wendal,Arrested Development
Have I Told You Lately,Rod Stewart
Saving Forever for You,Shanice
Ordinary World,Duran Duran
If I Had No Loot,Tony! Toni! Toné!
I'd Do Anything for Love (But I Won't Do That),Meat Loaf
Slam,Onyx
Looking Through Patient Eyes,P.M. Dawn
I'm Every Woman,Whitney Houston
Baby I'm Yours,Shai
Come Undone,Duran Duran
I Don't Wanna Fight,Tina Turner
I'd Die Without You,P.M. Dawn
"Whoot, There It Is",95 South
Hip Hop Hooray,Naughty by Nature
Another Sad Love Song,Toni Braxton
Will You Be There,Michael Jackson
Comforter,Shai
Good Enough,Bobby Brown
What's Up?,4 Non Blondes
All That She Wants,Ace of Base
7,Prince
Dre Day,Dr. Dre
One Last Cry,Brian McKnight
Just Kickin' It,Xscape
I Get Around,2Pac
Bed of Roses,Bon Jovi
Real Love,Mary J. Blige
Here We Go Again!,Portrait
Cryin',Aerosmith
Cat's in the Cradle,Ugly Kid Joe
What About Your Friends,TLC
I Got a Man,Positive K
Hey Mr. D.J.,Zhané
Insane in the Brain,Cypress Hill
Deeper and Deeper,Madonna
Rain,Madonna
The Right Kind of Love,Jeremy Jordan
Bad Boys,Inner Circle
That's What Love Can Do,Boy Krazy
Do You Believe in Us,Jon Secada
Angel,Jon Secada
Forever in Love,Kenny G
Again,Janet Jackson
Boom! Shake the Room,DJ Jazzy Jeff & The Fresh Prince
When She Cries,Restless Heart
Sweat (A La La La La Long),Inner Circle
It Was a Good Day,Ice Cube
More and More,Captain Hollywood Project
How Do You Talk to an Angel,The Heights
Rebirth of Slick (Cool Like Dat),Digable Planets
What Is Love,Haddaway
To Love Somebody,Michael Bolton
"Give It Up, Turn It Loose",En Vogue
Alright,Kris Kross
Check Yo Self,Ice Cube
Fields of Gold,Sting
Ooh Child,Dino
Faithful,Go West
Reason to Believe,Rod Stewart
Break It Down Again,Tears for Fears
Nothin' My Love Can't Fix,Joey Lawrence
Three Little Pigs,Green Jellÿ
Livin' on the Edge,Aerosmith
Hey Jealousy,Gin Blossoms
If I Ever Lose My Faith in You,Sting
Anniversary,Tony! Toni! Toné!
One Woman,Jade
Can't Get Enough of Your Love,Taylor Dayne
Two Steps Behind,Def Leppard
Macarena,Los del Río
Macarena,Los del Río
One Sweet Day,Mariah Carey
Because You Loved Me,Celine Dion
Nobody Knows,The Tony Rich Project
Always Be My Baby,Mariah Carey
Give Me One Reason,Tracy Chapman
Tha Crossroads,Bone Thugs-n-Harmony
I Love You Always Forever,Donna Lewis
"(""You're Makin' Me High"", 'Toni Braxton')","('Let It Flow', 'Toni Braxton')"
Twisted,Keith Sweat
C'mon N' Ride It (The Train),Quad City DJ's
Missing,Everything but the Girl
Ironic,Alanis Morissette
Exhale (Shoop Shoop),Whitney Houston
"('Follow You Down', 'Gin Blossoms')","('Til I Hear It from You', 'Gin Blossoms')"
Sittin' Up in My Room,Brandy
It's All Coming Back to Me Now,Celine Dion
Change the World,Eric Clapton
Hey Lover,LL Cool J
Loungin,LL Cool J
Insensitive,Jann Arden
Be My Lover,La Bouche
Name,Goo Goo Dolls
Who Will Save Your Soul,Jewel
Where Do You Go,No Mercy
I Can't Sleep Baby (If I),R. Kelly
Counting Blue Cars,Dishwalla
"('You Learn', 'Alanis Morissette')","('You Oughta Know', 'Alanis Morissette')"
One of Us,Joan Osborne
Wonder,Natalie Merchant
Not Gon' Cry,Mary J. Blige
Gangsta's Paradise,Coolio
Only You,112
Down Low (Nobody Has to Know),R. Kelly
You're the One,SWV
Sweet Dreams,La Bouche
"('Before You Walk Out of My Life', 'Monica')","('Like This and Like That', 'Monica')"
Breakfast at Tiffany's,Deep Blue Something
"1, 2, 3, 4 (Sumpin' New)",Coolio
The World I Know,Collective Soul
No Diggity,Blackstreet
Anything,3T
1979,The Smashing Pumpkins
Diggin' on You,TLC
"('Why I Love You So Much', 'Monica')","(""Ain't Nobody"", 'Monica')"
Kissin' You,Total
Count on Me,Whitney Houston
Fantasy,Mariah Carey
Time,Hootie & the Blowfish
You'll See,Madonna
Last Night,Az Yet
Mouth,Merril Bainbridge
"The Earth, the Sun, the Rain",Color Me Badd
All the Things (Your Man Won't Do),Joe
Wonderwall,Oasis
"('Woo Hah!! Got You All in Check', 'Busta Rhymes')","('Everything Remains Raw', 'Busta Rhymes')"
Tell Me,Groove Theory
Elevators (Me & You),Outkast
Hook,Blues Traveler
Doin' It,LL Cool J
Fastlove,George Michael
"Touch Me, Tease Me",Case
Tonite's tha Night,Kris Kross
Children,Robert Miles
Theme from Mission: Impossible,Adam Clayton
Closer to Free,BoDeans
Just a Girl,No Doubt
If Your Girl Only Knew,Aaliyah
Lady,D'Angelo
Key West Intermezzo (I Saw You First),John Mellencamp
Pony,Ginuwine
Nobody,Keith Sweat
Old Man & Me (When I Get to Heaven),Hootie & the Blowfish
If It Makes You Happy,Sheryl Crow
As I Lay Me Down,Sophie B. Hawkins
"Keep On, Keepin' On",MC Lyte
Jealousy,Natalie Merchant
I Want to Come Over,Melissa Etheridge
Who Do U Love,Deborah Cox
Un-Break My Heart,Toni Braxton
This Is Your Night,Amber
You Remind Me of Something,R. Kelly
Runaway,Janet Jackson
Set U Free,Planet Soul
Hit Me Off,New Edition
No One Else,Total
My Boo,Ghost Town DJ's
Get Money,Junior M.A.F.I.A.
That Girl,Maxi Priest
Po Pimp,Do or Die
Until It Sleeps,Metallica
Hay,Crucial Conflict
Beautiful Life,Ace of Base
Back for Good,Take That
I Got Id,Pearl Jam
Soon as I Get Home,Faith Evans
Only Wanna Be with You,Hootie & the Blowfish
Don't Cry,Seal
Believe,Cher
No Scrubs,TLC
Angel of Mine,Monica
Heartbreak Hotel,Whitney Houston
...Baby One More Time,Britney Spears
Kiss Me,Sixpence None the Richer
Genie in a Bottle,Christina Aguilera
Every Morning,Sugar Ray
Nobody's Supposed to Be Here,Deborah Cox
Livin' la Vida Loca,Ricky Martin
Where My Girls At?,702
If You Had My Love,Jennifer Lopez
Slide,Goo Goo Dolls
Have You Ever?,Brandy
I Want It That Way,Backstreet Boys
I'm Your Angel,R. Kelly
All Star,Smash Mouth
Angel,Sarah McLachlan
Smooth,Santana
Unpretty,TLC
"Bills, Bills, Bills",Destiny's Child
Save Tonight,Eagle-Eye Cherry
Last Kiss,Pearl Jam
Fortunate,Maxwell
All I Have to Give,Backstreet Boys
Bailamos,Enrique Iglesias
What's It Gonna Be?!,Busta Rhymes
What It's Like,Everlast
Fly Away,Lenny Kravitz
Someday,Sugar Ray
Lately,Divine
That Don't Impress Me Much,Shania Twain
Wild Wild West,Will Smith
Scar Tissue,Red Hot Chili Peppers
Heartbreaker,Mariah Carey
I Still Believe,Mariah Carey
The Hardest Thing,98 Degrees
Summer Girls,LFO
Can I Get A...,Jay-Z
Jumper,Third Eye Blind
Doo Wop (That Thing),Lauryn Hill
Mambo No. 5,Lou Bega
Sweet Lady,Tyrese
It's Not Right but It's Okay,Whitney Houston
(God Must Have Spent) A Little More Time on You,NSYNC
Lullaby,Shawn Mullins
Anywhere,112
Tell Me It's Real,K-Ci & JoJo
Back 2 Good,Matchbox 20
808,Blaque
She's So High,Tal Bachman
She's All I Ever Had,Ricky Martin
Miami,Will Smith
Hands,Jewel
Who Dat,JT Money
Please Remember Me,Tim McGraw
From This Moment On,Shania Twain
Love Like This,Faith Evans
You,Jesse Powell
Trippin',Total
If You,Silk
Ex-Factor,Lauryn Hill
Give It to You,Jordan Knight
Black Balloon,Goo Goo Dolls
Spend My Life with You,Eric Benét
These Are the Times,Dru Hill
I Don't Want to Miss a Thing,Mark Chesnutt
I Do (Cherish You),98 Degrees
Because of You,98 Degrees
I Will Remember You,Sarah McLachlan
Chanté's Got a Man,Chanté Moore
Happily Ever After,Case
My Love Is Your Love,Whitney Houston
All Night Long,Faith Evans
Back That Thang Up,Juvenile
Almost Doesn't Count,Brandy
Man! I Feel Like a Woman!,Shania Twain
Steal My Sunshine,Len
I Need to Know,Marc Anthony
So Anxious,Ginuwine
Back at One,Brian McKnight
When a Woman's Fed Up,R. Kelly
How Forever Feels,Kenny Chesney
Amazed,Lonestar
Sometimes,Britney Spears
Ghetto Cowboy,Mo Thugs
Out of My Head,Fastball
Hard Knock Life (Ghetto Anthem),Jay-Z
Jamboree,Naughty by Nature
Take Me There,Blackstreet
Stay the Same,Joey McIntyre
A Lesson in Leavin',Jo Dee Messina
Iris,Goo Goo Dolls
Satisfy You,Puff Daddy
Better Days (And the Bottom Drops Out),Citizen King
Music of My Heart,'N Sync
Write This Down,George Strait
When You Believe,Whitney Houston
(God Must Have Spent) A Little More Time on You,Alabama
How You Remind Me,Nickelback
Foolish,Ashanti
Hot in Herre,Nelly
Dilemma,Nelly
Wherever You Will Go,The Calling
A Thousand Miles,Vanessa Carlton
In the End,Linkin Park
What's Luv?,Fat Joe
U Got It Bad,Usher
Blurry,Puddle of Mudd
Complicated,Avril Lavigne
Always on Time,Ja Rule
Ain't It Funny (Murder Remix),Jennifer Lopez
The Middle,Jimmy Eat World
I Need a Girl (Part One),P. Diddy
U Don't Have to Call,Usher
Family Affair,Mary J. Blige
I Need a Girl (Part Two),P. Diddy
Gangsta Lovin',Eve
My Sacrifice,Creed
Without Me,Eminem
Hero,Enrique Iglesias
All You Wanted,Michelle Branch
Get the Party Started,Pink
Hero,Chad Kroeger
Wasting My Time,Default
One Last Breath,Creed
"Whenever, Wherever",Shakira
I'm Gonna Be Alright,Jennifer Lopez
Oh Boy,Cam'ron
Heaven,DJ Sammy
Hey Baby,No Doubt
Girlfriend,'N Sync
Just a Friend 2002,Mario
Soak Up the Sun,Sheryl Crow
Don't Let Me Get Me,Pink
Nothin',N.O.R.E.
Oops (Oh My),Tweet
A Moment Like This,Kelly Clarkson
Addictive,Truth Hurts
Happy,Ashanti
No Such Thing,John Mayer
Just Like a Pill,Pink
Down 4 U,Ja Rule
Can't Get You Out of My Head,Kylie Minogue
Superman (It's Not Easy),Five for Fighting
Cleanin' Out My Closet,Eminem
Halfcrazy,Musiq Soulchild
"Lights, Camera, Action!",Mr. Cheeks
Still Fly,Big Tymers
A Woman's Worth,Alicia Keys
7 Days,Craig David
Hey Ma,Cam'ron
Work It,Missy Elliott
Move Bitch,Ludacris
Can't Fight the Moonlight,LeAnn Rimes
Escape,Enrique Iglesias
More Than A Woman,Aaliyah
Hella Good,No Doubt
I Love You,Faith Evans
Gotta Get thru This,Daniel Bedingfield
"Pass the Courvoisier, Part II",Busta Rhymes
Lose Yourself,Eminem
Butterflies,Michael Jackson
What About Us?,Brandy
Underneath Your Clothes,Shakira
Rainy Dayz,Mary J. Blige
Differences,Ginuwine
If I Could Go!,Angie Martinez
The Whole World,Outkast
Underneath It All,No Doubt
Caramel,City High
Luv U Better,LL Cool J
Gimme the Light,Sean Paul
Gone,'N Sync
Livin' It Up,Ja Rule
Rollout (My Business),Ludacris
Here Is Gone,Goo Goo Dolls
No More Drama,Mary J. Blige
Days Go By,Dirty Vegas
Baby,Ashanti
The Good Stuff,Kenny Chesney
We Thuggin',Fat Joe
Good Morning Beautiful,Steve Holy
Rock the Boat,Aaliyah
Drive (For Daddy Gene),Alan Jackson
Standing Still,Jewel
Full Moon,Brandy
Uh Huh,B2K
A New Day Has Come,Celine Dion
Turn Off the Light,Nelly Furtado
Living and Living Well,George Strait
My List,Toby Keith
Hands Clean,Alanis Morissette
Sk8er Boi,Avril Lavigne
Long Time Gone,Dixie Chicks
Where Were You (When the World Stopped Turning),Alan Jackson
Like I Love You,Justin Timberlake
I Do!!,Toya
We Belong Together,Mariah Carey
Hollaback Girl,Gwen Stefani
Let Me Love You,Mario
Since U Been Gone,Kelly Clarkson
"1, 2 Step",Ciara
Gold Digger,Kanye West
Boulevard of Broken Dreams,Green Day
Candy Shop,50 Cent
Don't Cha,The Pussycat Dolls
Behind These Hazel Eyes,Kelly Clarkson
Disco Inferno,50 Cent
You and Me,Lifehouse
Don't Phunk with My Heart,The Black Eyed Peas
Lose Control,Missy Elliott
Shake It Off,Mariah Carey
Mr. Brightside,The Killers
Just a Lil Bit,50 Cent
Pon de Replay,Rihanna
How We Do,The Game
Beverly Hills,Weezer
Oh,Ciara
Lonely No More,Rob Thomas
Drop It Like It's Hot,Snoop Dogg
Hate It or Love It,The Game
Lovers & Friends,Lil Jon
Soldier,Destiny's Child
Breakaway,Kelly Clarkson
Switch,Will Smith
Let Me Hold You,Bow Wow
Like You,Bow Wow
Rich Girl,Gwen Stefani
My Humps,The Black Eyed Peas
Obsession (No Es Amor),Frankie J
Caught Up,Usher
Listen to Your Heart,DHT
Scars,Papa Roach
Feel Good Inc.,Gorillaz
Let Me Go,3 Doors Down
Holiday,Green Day
"Sugar, We're Goin Down",Fall Out Boy
Grind with Me,Pretty Ricky
Run It!,Chris Brown
Photograph,Nickelback
Lonely,Akon
Collide,Howie Day
Wake Me Up When September Ends,Green Day
Slow Down,Bobby Valentino
Over and Over,Nelly
Some Cut,Trillville
Get It Poppin',Fat Joe
Play,David Banner
Soul Survivor,Young Jeezy
Pimpin' All Over the World,Ludacris
My Boo,Usher
Sugar (Gimme Some),Trick Daddy
Karma,Alicia Keys
Speed of Sound,Coldplay
I Don't Want to Be,Gavin DeGraw
Mockingbird,Eminem
La Tortura,Shakira
She Will Be Loved,Maroon 5
Baby I'm Back,Baby Bash
Wait (The Whisper Song),Ying Yang Twins
Incomplete,Backstreet Boys
Bring Em Out,T.I.
Cater 2 U,Destiny's Child
1 Thing,Amerie
Best of You,Foo Fighters
It's Like That,Mariah Carey
Goin' Crazy,Natalie
Inside Your Heaven,Carrie Underwood
Because of You,Kelly Clarkson
Truth Is,Fantasia
Your Body,Pretty Ricky
Beautiful Soul,Jesse McCartney
Cool,Gwen Stefani
Get Back,Ludacris
Outta Control,50 Cent
U Don't Know Me,T.I.
These Words,Natasha Bedingfield
Don't Lie,The Black Eyed Peas
Get Right,Jennifer Lopez
Daughters,John Mayer
As Good as I Once Was,Toby Keith
Girlfight,Brooke Valentine
Lose My Breath,Destiny's Child
Ordinary People,John Legend
We Be Burnin',Sean Paul
Just the Girl,The Click Five
True,Ryan Cabrera
O,Omarion
Back Then,Mike Jones
Numb/Encore,Jay-Z
Wonderful,Ja Rule
I'm Sprung,T-Pain
Chariot,Gavin DeGraw
U Already Know,112
Mississippi Girl,Faith Hill
Number One Spot,Ludacris
Give Me That,Webbie
Low,Flo Rida
Bleeding Love,Leona Lewis
No One,Alicia Keys
Lollipop,Lil Wayne
Apologize,OneRepublic
No Air,Jordin Sparks
Love Song,Sara Bareilles
Love in This Club,Usher
With You,Chris Brown
Forever,Chris Brown
Sexy Can I,Ray J
Take a Bow,Rihanna
Viva la Vida,Coldplay
I Kissed a Girl,Katy Perry
Whatever You Like,T.I.
Disturbia,Rihanna
Don't Stop the Music,Rihanna
Pocketful of Sunshine,Natasha Bedingfield
Kiss Kiss,Chris Brown
Closer,Ne-Yo
Bubbly,Colbie Caillat
Touch My Body,Mariah Carey
4 Minutes,Madonna
So What,Pink
Paralyzer,Finger Eleven
Clumsy,Fergie
I'm Yours,Jason Mraz
Leavin',Jesse McCartney
Dangerous,Kardinal Offishall
Tattoo,Jordin Sparks
See You Again,Miley Cyrus
Shake It,Metro Station
Stop and Stare,OneRepublic
Take You There,Sean Kingston
Paper Planes,M.I.A.
Hot n Cold,Katy Perry
Live Your Life,T.I.
Bust It Baby (Part 2),Plies
American Boy,Estelle
Got Money,Lil Wayne
Our Song,Taylor Swift
Damaged,Danity Kane
A Milli,Lil Wayne
Sorry,Buckcherry
Independent,Webbie
Can't Believe It,T-Pain
Like You'll Never See Me Again,Alicia Keys
Teardrops on My Guitar,Taylor Swift
When I Grow Up,Pussycat Dolls
Sexual Eruption,Snoop Dogg
What You Got,Colby O'Donis
It's Not My Time,3 Doors Down
Better in Time,Leona Lewis
Crank That (Soulja Boy),Soulja Boy Tell 'Em
Shadow of the Day,Linkin Park
Sweetest Girl (Dollar Bill),Wyclef Jean
Miss Independent,Ne-Yo
Fall for You,Secondhand Serenade
In the Ayer,Flo Rida
Say,John Mayer
One Step at a Time,Jordin Sparks
Hate That I Love You,Rihanna
Superstar,Lupe Fiasco
Suffocate,J. Holiday
Let It Rock,Kevin Rudolf
Get Like Me,David Banner
Realize,Colbie Caillat
Put On,Young Jeezy
The Time of My Life,David Cook
Lolli Lolli (Pop That Body),Three 6 Mafia
Cyclone,Baby Bash
Love Like This,Natasha Bedingfield
Burnin' Up,Jonas Brothers
Love Lockdown,Kanye West
I Luv Your Girl,The-Dream
Crush,David Archuleta
Hypnotized,Plies
Big Girls Don't Cry,Fergie
Good Life,Kanye West
Womanizer,Britney Spears
Love Story,Taylor Swift
Just Fine,Mary J. Blige
Piece of Me,Britney Spears
The Boss,Rick Ross
All Summer Long,Kid Rock
Can't Help but Wait,Trey Songz
In Love with a Girl,Gavin DeGraw
My Life,The Game
I Remember,Keyshia Cole
Flashing Lights,Kanye West
Mrs. Officer,Lil Wayne
7 Things,Miley Cyrus
You're Gonna Miss This,Trace Adkins
Love Remains the Same,Gavin Rossdale
Feels Like Tonight,Daughtry
The Way I Are,Timbaland
Addicted,Saving Abel
Into the Night,Santana
Heaven Sent,Keyshia Cole
She Got It,2 Pistols
Rolling in the Deep,Adele
Party Rock Anthem,LMFAO
Firework,Katy Perry
E.T.,Katy Perry
Give Me Everything,Pitbull
Grenade,Bruno Mars
F**K You (Forget You),CeeLo Green
Super Bass,Nicki Minaj
Moves like Jagger,Maroon 5
Just Can't Get Enough,The Black Eyed Peas
On the Floor,Jennifer Lopez
S&M,Rihanna
Pumped Up Kicks,Foster the People
Last Friday Night (T.G.I.F.),Katy Perry
Just the Way You Are,Bruno Mars
Tonight (I'm Lovin' You),Enrique Iglesias
Raise Your Glass,Pink
Born This Way,Lady Gaga
F**kin' Perfect,Pink
What's My Name?,Rihanna
Look at Me Now,Chris Brown
Down on Me,Jeremih
How to Love,Lil Wayne
Someone Like You,Adele
Good Life,OneRepublic
The Lazy Song,Bruno Mars
Till the World Ends,Britney Spears
The Show Goes On,Lupe Fiasco
The Edge of Glory,Lady Gaga
We R Who We R,Kesha
Black and Yellow,Wiz Khalifa
Tonight Tonight,Hot Chelle Rae
Blow,Kesha
Lighters,Bad Meets Evil
If I Die Young,The Band Perry
Stereo Hearts,Gym Class Heroes
The Time (Dirty Bit),The Black Eyed Peas
Coming Home,Diddy – Dirty Money
Hey Baby (Drop It to the Floor),Pitbull
Only Girl (In the World),Rihanna
6 Foot 7 Foot,Lil Wayne
Just a Kiss,Lady Antebellum
Dirt Road Anthem,Jason Aldean
Dynamite,Taio Cruz
No Hands,Waka Flocka Flame
I Wanna Go,Britney Spears
I'm on One,DJ Khaled
You Make Me Feel...,Cobra Starship
Yeah 3x,Chris Brown
Moment 4 Life,Nicki Minaj
I Need a Doctor,Dr. Dre
Just a Dream,Nelly
Motivation,Kelly Rowland
Stereo Love,Edward Maya
Jar of Hearts,Christina Perri
Roll Up,Wiz Khalifa
Sexy and I Know It,LMFAO
Rocketeer,Far East Movement
All of the Lights,Kanye West
Hold It Against Me,Britney Spears
More,Usher
What the Hell,Avril Lavigne
Written in the Stars,Tinie Tempah
Bottoms Up,Trey Songz
DJ Got Us Fallin' in Love,Usher
For the First Time,The Script
Honey Bee,Blake Shelton
Don't You Wanna Stay,Jason Aldean
We Found Love,Rihanna
Pretty Girl Rock,Keri Hilson
Yoü and I,Lady Gaga
Like a G6,Far East Movement
Without You,David Guetta
Back to December,Taylor Swift
Teenage Dream,Katy Perry
Crazy Girl,Eli Young Band
Cheers (Drink to That),Rihanna
Who Says,Selena Gomez & the Scene
Barefoot Blue Jean Night,Jake Owen
Knee Deep,Zac Brown Band
Country Girl (Shake It for Me),Luke Bryan
Remind Me,Brad Paisley
In the Dark,Dev
Backseat,New Boyz
Headlines,Drake
Best Thing I Never Had,Beyoncé
Don't Wanna Go Home,Jason Derulo
Where Them Girls At,David Guetta
She Ain't You,Chris Brown
Take a Back Road,Rodney Atkins
Please Don't Go,Mike Posner
Price Tag,Jessie J
God Gave Me You,Blake Shelton
She Will,Lil Wayne
Are You Gonna Kiss Me or Not,Thompson Square
Animal,Neon Trees
You and Tequila,Kenny Chesney
Colder Weather,Zac Brown Band
My Last,Big Sean
Happy,Pharrell Williams
Dark Horse,Katy Perry
All of Me,John Legend
Fancy,Iggy Azalea
Counting Stars,OneRepublic
Talk Dirty,Jason Derulo
Rude,Magic!
All About That Bass,Meghan Trainor
Problem,Ariana Grande
Stay with Me,Sam Smith
Timber,Pitbull
Pompeii,Bastille
Shake It Off,Taylor Swift
Am I Wrong,Nico & Vinz
Turn Down for What,DJ Snake
The Monster,Eminem
Say Something,A Great Big World
Team,Lorde
Let Her Go,Passenger
Royals,Lorde
Let It Go,Idina Menzel
Wake Me Up,Avicii
Demons,Imagine Dragons
Story of My Life,One Direction
Chandelier,Sia
Black Widow,Iggy Azalea
Bang Bang,Jessie J
Latch,Disclosure
Maps,Maroon 5
Loyal,Chris Brown
Best Day of My Life,American Authors
Habits (Stay High),Tove Lo
Summer,Calvin Harris
Boom Clap,Charli XCX
Drunk in Love,Beyoncé
Anaconda,Nicki Minaj
Break Free,Ariana Grande
Bailando,Enrique Iglesias
Burn,Ellie Goulding
Wiggle,Jason Derulo
Rather Be,Clean Bandit
Don't Tell 'Em,Jeremih
Show Me,Kid Ink
Wrecking Ball,Miley Cyrus
Not a Bad Thing,Justin Timberlake
Roar,Katy Perry
Ain't It Fun,Paramore
The Man,Aloe Blacc
This Is How We Roll,Florida Georgia Line
Classic,MKTO
A Sky Full of Stars,Coldplay
Don't,Ed Sheeran
Na Na,Trey Songz
Hot Boy,Bobby Shmurda
"Hold On, We're Going Home",Drake
Sing,Ed Sheeran
Radioactive,Imagine Dragons
My Hitta,YG
Cool Kids,Echosmith
Hey Brother,Avicii
Trumpets,Jason Derulo
Animals,Maroon 5
Burnin' It Down,Jason Aldean
Play It Again,Luke Bryan
2 On,Tinashe
Dirt,Florida Georgia Line
Love Runs Out,OneRepublic
Bottoms Up,Brantley Gilbert
Shower,Becky G
Me and My Broken Heart,Rixton
Animals,Martin Garrix
Lifestyle,Rich Gang
American Kids,Kenny Chesney
Brave,Sara Bareilles
Sweater Weather,The Neighbourhood
Leave the Night On,Sam Hunt
New Flame,Chris Brown
Love Never Felt So Good,Michael Jackson
Drunk on a Plane,Dierks Bentley
Birthday,Katy Perry
Bartender,Lady Antebellum
La La La,Naughty Boy
Blurred Lines,Robin Thicke
Do What U Want,Lady Gaga
Can't Remember to Forget You,Shakira
Amnesia,5 Seconds of Summer
No Mediocre,T.I.
Come with Me Now,KONGOS
Believe Me,Lil Wayne
23,Mike WiLL Made-It
Beachin',Jake Owen
White Walls,Macklemore & Ryan Lewis
She Looks So Perfect,5 Seconds of Summer
Stay the Night,Zedd
Partition,Beyoncé
Studio,ScHoolboy Q
0 to 100 / The Catch Up,Drake
I Don't Dance,Lee Brice
Somethin' Bad,Miranda Lambert
Adore You,Miley Cyrus
Shape of You,Ed Sheeran
Despacito (Remix),Luis Fonsi
That's What I Like,Bruno Mars
Humble,Kendrick Lamar
Something Just Like This,The Chainsmokers
Bad and Boujee,Migos
Closer,The Chainsmokers
Body Like a Back Road,Sam Hunt
Believer,Imagine Dragons
Congratulations,Post Malone
Say You Won't Let Go,James Arthur
I'm the One,DJ Khaled
XO Tour Llif3,Lil Uzi Vert
Mask Off,Future
Unforgettable,French Montana
24K Magic,Bruno Mars
Stay,Zedd
Wild Thoughts,DJ Khaled
Black Beatles,Rae Sremmurd
Starboy,The Weeknd
Location,Khalid
Attention,Charlie Puth
There's Nothing Holdin' Me Back,Shawn Mendes
Bodak Yellow,Cardi B
Redbone,Childish Gambino
I Don't Wanna Live Forever,Zayn
It Ain't Me,Kygo
iSpy,Kyle
Issues,Julia Michaels
Scars to Your Beautiful,Alessia Cara
1-800-273-8255,Logic
Slow Hands,Niall Horan
Love on the Brain,Rihanna
I Feel It Coming,The Weeknd
Bounce Back,Big Sean
Strip That Down,Liam Payne
Fake Love,Drake
Don't Wanna Know,Maroon 5
Look What You Made Me Do,Taylor Swift
Castle on the Hill,Ed Sheeran
Bad Things,Machine Gun Kelly
Paris,The Chainsmokers
Side to Side,Ariana Grande
Rockabye,Clean Bandit
Feel It Still,Portugal. The Man
Let Me Love You,DJ Snake
Sorry Not Sorry,Demi Lovato
Bank Account,21 Savage
Can't Stop the Feeling!,Justin Timberlake
Mi Gente,J Balvin
Thunder,Imagine Dragons
T-Shirt,Migos
Rake It Up,Yo Gotti
Mercy,Shawn Mendes
Tunnel Vision,Kodak Black
Rockstar,Post Malone
In Case You Didn't Know,Brett Young
Heathens,Twenty One Pilots
Now or Never,Halsey
Caroline,Aminé
Rolex,Ayo & Teo
DNA,Kendrick Lamar
Juju on That Beat (TZ Anthem),Zay Hilfigerrr & Zayion McCall
Swang,Rae Sremmurd
Passionfruit,Drake
Loyalty,Kendrick Lamar
Praying,Kesha
Goosebumps,Travis Scott
Cold,Maroon 5
Broccoli,DRAM
Slide,Calvin Harris
What Ifs,Kane Brown
Chained to the Rhythm,Katy Perry
Feels,Calvin Harris
All Time Low,Jon Bellion
Hurricane,Luke Combs
Too Good at Goodbyes,Sam Smith
Young Dumb & Broke,Khalid
Magnolia,Playboi Carti
Love Galore,SZA
Drowning,A Boogie wit da Hoodie
Starving,Hailee Steinfeld
Both,Gucci Mane
What About Us,Pink
Swalla,Jason Derulo
Slippery,Migos
Sign of the Times,Harry Styles
Water Under the Bridge,Adele
Malibu,Miley Cyrus
Down,Marian Hill
No Promises,Cheat Codes
Treat You Better,Shawn Mendes
I Get the Bag,Gucci Mane
Small Town Boy,Dustin Lynch
Everyday We Lit,YFN Lucci
Havana,Camila Cabello
What Lovers Do,Maroon 5
Do Re Mi,Blackbear
Look at Me!,XXXTentacion
The Fighter,Keith Urban
Blinding Lights,The Weeknd
Circles,Post Malone
The Box,Roddy Ricch
Don't Start Now,Dua Lipa
Rockstar,DaBaby
Adore You,Harry Styles
Life Is Good,Future
Memories,Maroon 5
The Bones,Maren Morris
Someone You Loved,Lewis Capaldi
Say So,Doja Cat
I Hope,Gabby Barrett
Whats Poppin,Jack Harlow
Dance Monkey,Tones and I
Savage,Megan Thee Stallion
Roxanne,Arizona Zervas
Intentions,Justin Bieber
Everything I Wanted,Billie Eilish
Roses (Imanbek remix),Saint Jhn
Watermelon Sugar,Harry Styles
Before You Go,Lewis Capaldi
Falling,Trevor Daniel
"10,000 Hours",Dan + Shay
WAP,Cardi B
Ballin',Mustard
Hot Girl Bummer,Blackbear
Blueberry Faygo,Lil Mosey
Heartless,The Weeknd
Bop,DaBaby
Lose You to Love Me,Selena Gomez
Good as Hell,Lizzo
Toosie Slide,Drake
Break My Heart,Dua Lipa
Chasin' You,Morgan Wallen
Savage Love (Laxed – Siren Beat),Jawsh 685
No Guidance,Chris Brown
My Oh My,Camila Cabello
Dynamite,BTS
Go Crazy,Chris Brown
High Fashion,Roddy Ricch
Laugh Now Cry Later,Drake
Woah,Lil Baby
Death Bed,Powfu
Señorita,Shawn Mendes
Highest in the Room,Travis Scott
Bad Guy,Billie Eilish
Mood,24kGoldn
Rain on Me,Lady Gaga
For the Night,Pop Smoke
Ritmo (Bad Boys for Life),Black Eyed Peas
Heart on Ice,Rod Wave
Nobody but You,Blake Shelton
Trampoline,Shaed
Come & Go,Juice Wrld
Truth Hurts,Lizzo
If the World Was Ending,JP Saxe
We Paid,Lil Baby
Yummy,Justin Bieber
One Man Band,Old Dominion
Got What I Got,Jason Aldean
Sunday Best,Surfaces
Godzilla,Eminem
Bandit,Juice Wrld
Party Girl,StaySolidRocky
Die from a Broken Heart,Maddie & Tae
Popstar,DJ Khaled
All I Want for Christmas Is You,Mariah Carey
One of Them Girls,Lee Brice
Hard to Forget,Sam Hunt
One Margarita,Luke Bryan
Panini,Lil Nas X
Hot,Young Thug
I Hope You're Happy Now,Carly Pearce
Emotionally Scarred,Lil Baby
Suicidal,YNW Melly
The Bigger Picture,Lil Baby
Only Human,Jonas Brothers
The Woo,Pop Smoke
Sum 2 Prove,Lil Baby
Stuck with U,Ariana Grande
Mood Swings,Pop Smoke
You Should Be Sad,Halsey
Dior,Pop Smoke
Supalonely,Benee
Even Though I'm Leaving,Luke Combs
The Scotts,Travis Scott
Juicy,Doja Cat
Be Like That,Kane Brown
Homesick,Kane Brown
Rags2Riches,Rod Wave
Bluebird,Miranda Lambert
Wishing Well,Juice Wrld
Does to Me,Luke Combs
Pussy Fairy (OTW),Jhené Aiko
ILY (I Love You Baby),Surf Mesa
More Than My Hometown,Morgan Wallen
Lovin' on You,Luke Combs
Said Sum,Moneybagg Yo
Slide,H.E.R.
Walk Em Down,NLE Choppa
